"category","img","desc"
"dyed-lifted-polyps","e8c38517-0943-439b-aff2-1070c4b31b6d.jpg","An endoscopic image of dyed lifted polyps shows a close-up view of the mucosa with several polyps. The polyps are dyed in a reddish-pink color, which is likely to be a dye used to enhance the visibility of the polyps during the endoscopic procedure. The polyps have a smooth, rounded surface with a few small protrusions. The surrounding mucosa appears to be a healthy pink color, with a few small white spots scattered throughout. The surface texture of the mucosa is smooth, and there is no visible bleeding or other abnormalities in the image. The polyps are lifted, indicating that they are being removed or biopsied. The image is taken from a side angle, providing a clear view of the polyps and the mucosa."
"dyed-resection-margins","ef339002-d76f-4540-81d5-2f2ae7d6658c.jpg","An endoscopic image of dyed resection margins shows a close-up view of the surgical site with the resection margins dyed in a specific color, which appears to be blue. The margins are irregularly shaped, with some areas appearing more jagged than others. The surrounding mucosa is a pale pink color, and the surface texture of the margins is rough and uneven, indicating that the margins are not smooth. There is no visible bleeding condition in the image. The image is taken from an endoscopic perspective, providing a detailed view of the surgical site."
"esophagitis","f93416dd-2fbe-4ffa-a62e-42c6096ac6b2.jpg","An endoscopic image of esophagitis shows a close-up view of the esophagus with a focus on the mucosa. The mucosa appears to be inflamed and has a reddish-pink color, indicative of the inflammatory process associated with esophagitis. There are visible white spots, which could be areas of regeneration or scarring. The surface texture of the mucosa is uneven, with some areas appearing smooth while others are rougher, possibly due to the presence of inflammatory cells or fibrosis. The surrounding mucosa is also affected, with a reddish hue that suggests inflammation. There are no visible signs of bleeding in this image. The image provides a detailed view of the esophagus, allowing for a clear assessment of the severity and extent of the esophagitis. 

Please note that this description is based on the visible features in the image and does not include any speculative or interpretive details."
"normal-cecum","e56304ae-c223-484e-80a3-4fb78fcab061.jpg","An endoscopic image of normal cecum typically shows a healthy, reddish-pink cecum with a smooth, glossy surface. The cecum is usually located in the lower right quadrant of the abdomen and is the first part of the large intestine. The surrounding mucosa appears to be a healthy, pinkish color, and there are no visible signs of inflammation or bleeding. The surface texture is smooth, and there are no visible polyps or other abnormalities. The image is taken from a perspective that allows for a clear view of the cecum and the surrounding mucosa. 

Please note that this description is based on a normal cecum and may not accurately represent the image provided. The image may contain additional details or variations that are not typical of a normal cecum."
"normal-pylorus","e6bbb279-cee6-487a-a0c7-4b8f6379606e.jpg","An endoscopic image of normal pylorus typically shows a smooth, pinkish-red mucosa with a well-defined, circular muscle band. The pylorus is usually located at the lower end of the stomach, where the stomach meets the small intestine. The surface texture of the pylorus is usually smooth, and there should be no visible bleeding or other abnormalities. The surrounding mucosa is typically a uniform color, and the shape of the pylorus is usually round or oval. The image provided does not show any of these features, as it is a black and white image and does not depict the pylorus or its surrounding mucosa."
"normal-z-line","e508552d-7cc6-4859-bcb4-fa8f77f23ef6.jpg","An endoscopic image of normal z-line features a pinkish-red color, which is typical for the mucosa lining the gastrointestinal tract. The z-line, a natural fold in the mucosa, is visible and appears smooth and well-defined. The surrounding mucosa is also pinkish-red, indicating a healthy and intact lining. The surface texture of the mucosa is smooth, without any visible lesions or abnormalities. There is no bleeding condition evident in the image. The image provides a clear view of the z-line and the surrounding mucosa, which is characteristic of a normal gastrointestinal endoscopic examination."
"polyps","eb28e1df-0e43-4363-be69-f539a21fc3f2.jpg","An endoscopic image of polyps is a medical image that captures the interior of the gastrointestinal tract, typically the esophagus, stomach, or colon. The image shows a close-up view of the mucosa, which is the lining of the gastrointestinal tract.

In the image, there are several polyps visible. These polyps are small, raised growths that protrude from the mucosa. They appear to be reddish-brown in color, which is typical for polyps due to the presence of blood vessels. The polyps have a smooth surface texture and are surrounded by a normal-looking mucosa.

The surrounding mucosa appears to be healthy, with no signs of inflammation or ulceration. There is no visible bleeding in the image. The image is taken from a side view, which allows for a clear view of the polyps and the mucosa.

The image is likely used for diagnostic purposes, such as identifying polyps that may require further examination or removal. The presence of polyps can be indicative of certain gastrointestinal conditions, such as adenomas"
"ulcerative-colitis","fc79c489-b358-4368-b965-330615af73d4_00000298.jpg","An endoscopic image of ulcerative colitis typically shows a colon with a reddish-brown color, indicative of inflammation. The surface texture is usually uneven, with visible ulcers or erosions. The surrounding mucosa appears normal or slightly inflamed, with a smooth surface. There may be areas of bleeding, which can appear as small spots or larger areas of redness. The image is usually taken with a flexible endoscope, which allows for a close-up view of the colon's lining. The image may also include a timestamp, patient information, and other medical data."
